Airport Name,Records,Cancelled,Delayed,On Time,Percentage
San Pedro Airport,43,11,15,17,0.04
Santa Maria Airport,38,12,17,9,0.04
Böblingen Flugfeld,36,13,10,13,0.04
Santa Ana Airport,35,6,14,15,0.04
San Fernando Airport,31,11,9,11,0.03
Mae Hong Son Airport,29,13,8,8,0.03
Santa Rosa Airport,28,6,16,6,0.03
Capital City Airport,28,12,10,6,0.03
Cochrane Airport,28,9,10,9,0.03
Bathurst Airport,27,11,9,7,0.03
Lake County Airport,27,4,13,10,0.03
Herrera Airport,27,11,9,7,0.03
Marion Municipal Airport,27,12,10,5,0.03
Yangzhou Taizhou Airport,27,13,9,5,0.03
Nogales International Airport,27,11,6,10,0.03
La Florida Airport,27,9,12,6,0.03
Punta Colorada Airport,27,7,11,9,0.03
Mount Pleasant Airport,27,8,6,13,0.03
Grant County Airport,26,7,12,7,0.03
Lawrence Municipal Airport,26,7,10,9,0.03
